	SAMPLE_ID	PATIENT_ID	METS_SITES_AT_METS_DX_ASCITES	METS_SITES_AT_METS_DX_BONE	METS_SITES_AT_METS_DX_BRAIN_CNS	METS_SITES_AT_METS_DX_CHEST_WALL	METS_SITES_AT_METS_DX_INTRA_ABDOMINAL	METS_SITES_AT_METS_DX_LIVER	METS_SITES_AT_METS_DX_LUNG	METS_SITES_AT_METS_DX_REG_LYMPH	METS_SITES_AT_METS_DX_DIST_LYMPH	METS_SITES_AT_METS_DX_OVARY	METS_SITES_AT_METS_DX_PLEURAL_EFFUSION	METS_SITES_AT_METS_DX_SKIN	METS_SITES_AT_METS_DX_SOFT_TISSUE	METS_SITES_AT_METS_DX_ADRENAL_GLAND	METS_SITES_AT_METS_DX_UNKNOWN	METS_SITES_AT_METS_ABST_ASCITES	METS_SITES_AT_METS_ABST_BONE	METS_SITES_AT_METS_ABST_BRAIN_CNS	METS_SITES_AT_METS_ABST_CHEST_WALL	METS_SITES_AT_METS_ABST_INTRA_ABDOMINAL	METS_SITES_AT_METS_ABST_LIVER	METS_SITES_AT_METS_ABST_LUNG	METS_SITES_AT_METS_ABST_REG_LYMPH	METS_SITES_AT_METS_ABST_DIST_LYMPH	METS_SITES_AT_METS_ABST_OVARY	METS_SITES_AT_METS_ABST_PLEURAL_EFFUSION	METS_SITES_AT_METS_ABST_SKIN	METS_SITES_AT_METS_ABST_SOFT_TISSUE	METS_SITES_AT_METS_ABST_ADRENAL_GLAND	METS_SITES_AT_METS_ABST_UNKNOWN
0	MBC-MBCProject_1ps2hZH8-Tumor-SM-DL4OO	MBCProject_1ps2hZH8	0	0	0	0	0	0	0	0	1	0	0	0	0	0	0	1	1	0	0	0	1	0	1	1	0	1	0	0	0	0
1	MBC-MBCProject_1qhlIasw-Tumor-SM-AXGNH	MBCProject_1qhlIasw	0	1	0	0	0	0	0	0	0	0	0	0	0	0	0	0	1	0	0	0	0	0	0	0	0	0	0	0	0	0
2	MBC-MBCProject_27uAugT4-Tumor-SM-DL45T	MBCProject_27uAugT4	0	0	0	0	0	1	0	0	0	0	0	0	0	0	0	0	0	0	0	0	1	0	0	0	0	0	0	0	0	0
3	MBC-MBCProject_3jhES9fq-Tumor-SM-AXGIU	MBCProject_3jhES9fq	0	1	0	0	0	0	0	0	0	0	0	0	0	0	0	0	1	0	0	0	0	0	0	0	0	0	0	0	0	0
4	MBC-MBCProject_3LI1TNs3-Tumor-SM-DL43B	MBCProject_3LI1TNs3	0	1	0	0	0	0	0	0	0	1	0	0	0	0	0	0	1	0	0	0	0	0	1	0	1	0	0	0	0	0
5	MBC-MBCProject_3MUnT7Ty-Tumor-SM-CGLLE	MBCProject_3MUnT7Ty	0	1	0	0	0	0	0	0	0	0	1	0	1	0	0	0	1	0	1	1	0	0	0	0	0	1	0	1	0	0
6	MBC-MBCProject_4DIpSBFV-Tumor-SM-CGM2Q	MBCProject_4DIpSBFV	0	0	0	0	0	1	0	1	0	0	0	0	0	0	0	0	0	0	0	0	0	1	1	1	0	1	0	0	0	0
7	MBC-MBCProject_4MF1FlFQ-Tumor-SM-CGM4M	MBCProject_4MF1FlFQ	0	1	0	0	0	0	0	1	0	0	0	0	0	0	0	0	1	1	0	0	1	1	1	1	0	0	0	0	0	0
8	MBC-MBCProject_4MF1FlFQ-Tumor-SM-AZ5CU	MBCProject_4MF1FlFQ	0	1	0	0	0	0	0	1	0	0	0	0	0	0	0	0	1	1	0	0	1	1	1	1	0	0	0	0	0	0
9	MBC-MBCProject_4OIOfAt9-Tumor-SM-CGLYL	MBCProject_4OIOfAt9	0	1	0	0	0	0	0	1	0	0	0	0	0	0	0	0	1	0	0	0	0	0	1	0	0	0	0	0	0	0
10	MBC-MBCProject_4vC6Fgio-Tumor-SM-CGLZ8	MBCProject_4vC6Fgio	0	1	0	0	0	1	0	0	0	0	0	0	0	0	0	0	1	0	0	0	1	0	1	1	0	0	0	0	0	0
11	MBC-MBCProject_57iLiJIl-Tumor-SM-CGLIV	MBCProject_57iLiJIl	0	1	0	0	0	0	0	0	0	0	0	0	0	0	0	0	1	1	1	0	1	1	0	0	0	0	1	0	0	0
12	MBC-MBCProject_5jSPs9fl-Tumor-SM-CGL1A	MBCProject_5jSPs9fl	0	0	0	0	0	1	0	0	0	0	0	0	0	0	0	0	0	0	0	0	1	0	0	0	0	0	0	0	0	0
13	MBC-MBCProject_70CxiQFk-Tumor-SM-DL3TI	MBCProject_70CxiQFk	0	1	0	0	0	1	0	0	0	0	0	0	0	0	0	0	1	0	0	0	1	0	0	1	0	0	0	0	0	0
14	MBC-MBCProject_74CYIyHw-Tumor-SM-DL3P4	MBCProject_74CYIyHw	0	1	0	0	0	1	0	0	1	0	0	0	0	0	0	0	0	0	0	0	1	0	0	1	0	0	0	0	0	0
15	MBC-MBCProject_7JtRIPI2-Tumor-SM-CGLXC	MBCProject_7JtRIPI2	0	1	0	0	0	0	0	0	0	0	0	0	0	0	0	0	1	0	0	0	0	0	0	0	0	0	0	0	0	0
16	MBC-MBCProject_7JtRIPI2-Tumor-SM-CGMAW	MBCProject_7JtRIPI2	0	1	0	0	0	0	0	0	0	0	0	0	0	0	0	0	1	0	0	0	0	0	0	0	0	0	0	0	0	0
17	MBC-MBCProject_7OcOivcV-Tumor-SM-DL44K	MBCProject_7OcOivcV	0	1	0	0	0	0	0	0	0	0	0	0	0	0	0	0	1	0	0	0	0	0	0	0	0	0	0	0	0	0
18	MBC-MBCProject_7of5i3hp-Tumor-SM-CGMAA	MBCProject_7of5i3hp	0	1	1	0	0	1	1	1	0	0	1	1	0	0	0	0	1	1	0	0	1	1	1	0	0	0	0	0	0	0
19	MBC-MBCProject_7VFnIqfw-Tumor-SM-CGL6X	MBCProject_7VFnIqfw	0	1	0	0	0	0	0	1	1	0	0	0	0	0	0	0	1	0	0	0	0	0	1	1	0	0	0	0	0	0
20	MBC-MBCProject_7XFmtytw-Tumor-SM-DL457	MBCProject_7XFmtytw	0	1	0	0	0	0	0	1	0	0	0	0	0	0	0	0	1	0	0	0	0	0	1	0	0	0	0	0	0	0
21	MBC-MBCProject_99CdCOHm-Tumor-SM-AZ5MW	MBCProject_99CdCOHm	0	0	0	0	0	1	0	0	0	0	0	0	0	0	0	0	0	0	0	0	1	0	0	0	0	0	0	0	0	0
22	MBC-MBCProject_9JI1fwuX-Tumor-SM-DL4TP	MBCProject_9JI1fwuX	0	1	0	0	0	0	0	0	0	0	0	0	0	0	0	0	1	0	0	0	0	0	0	0	0	0	0	0	0	0
23	MBC-MBCProject_AqtYu0IW-Tumor-SM-DL3YJ	MBCProject_AqtYu0IW	0	0	0	0	0	0	0	0	0	1	0	0	0	0	0	0	0	1	0	0	0	0	0	0	1	1	0	0	0	0
24	MBC-MBCProject_AqtYu0IW-Tumor-SM-DL4Y4	MBCProject_AqtYu0IW	0	0	0	0	0	0	0	0	0	1	0	0	0	0	0	0	0	1	0	0	0	0	0	0	1	1	0	0	0	0
25	MBC-MBCProject_bAi0Slsx-Tumor-SM-CGMFB	MBCProject_bAi0Slsx	0	0	0	0	0	0	1	1	0	0	0	0	0	0	0	0	0	1	0	0	0	1	1	0	0	0	0	0	0	0
26	MBC-MBCProject_BOHWtZT8-Tumor-SM-CGM6I	MBCProject_BOHWtZT8	0	0	0	0	0	1	0	1	0	0	0	0	0	0	0	0	0	0	0	0	1	0	0	0	0	0	0	0	0	0
27	MBC-MBCProject_BOHWtZT8-Tumor-SM-CGLQF	MBCProject_BOHWtZT8	0	0	0	0	0	1	0	1	0	0	0	0	0	0	0	0	0	0	0	0	1	0	0	0	0	0	0	0	0	0
28	MBC-MBCProject_BVHET8iq-Tumor-SM-CGLGD	MBCProject_BVHET8iq	0	1	0	0	0	0	0	0	0	0	0	0	0	0	0	0	1	0	0	0	0	0	0	0	0	0	0	0	0	0
29	MBC-MBCProject_bvHXCoTY-Tumor-SM-DL3JG	MBCProject_bvHXCoTY	0	1	1	0	0	1	0	0	0	0	0	0	0	0	0	0	1	1	0	0	1	0	0	0	0	0	0	0	0	0
30	MBC-MBCProject_d5CbUNTb-Tumor-SM-CGLSX	MBCProject_d5CbUNTb	0	1	0	0	0	0	0	1	0	0	0	0	0	0	0	0	1	0	0	0	0	0	1	0	0	0	0	0	0	0
31	MBC-MBCProject_d5CbUNTb-Tumor-SM-CGM5V	MBCProject_d5CbUNTb	0	1	0	0	0	0	0	1	0	0	0	0	0	0	0	0	1	0	0	0	0	0	1	0	0	0	0	0	0	0
32	MBC-MBCProject_DDUmIZuW-Tumor-SM-DL3GX	MBCProject_DDUmIZuW	0	1	0	0	0	0	1	0	0	0	0	0	0	0	0	0	1	0	0	0	1	1	0	0	0	0	0	0	0	0
33	MBC-MBCProject_DxibF0hM-Tumor-SM-CGLWP	MBCProject_DxibF0hM	0	1	0	0	0	0	0	0	1	0	0	0	0	0	0	0	0	0	0	0	0	0	0	1	0	0	0	0	0	0
34	MBC-MBCProject_EBTBIGFy-Tumor-SM-DL3ZS	MBCProject_EBTBIGFy	0	1	0	0	0	1	0	0	0	0	0	0	0	0	0	0	1	1	0	0	1	0	0	0	0	0	0	0	0	0
35	MBC-MBCProject_ePi1smiM-Tumor-SM-AZ5OS	MBCProject_ePi1smiM	0	1	0	0	0	0	1	0	1	0	0	0	0	0	0	0	1	0	0	0	0	1	0	1	0	0	0	0	0	0
36	MBC-MBCProject_ePi1smiM-Tumor-SM-CGLOK	MBCProject_ePi1smiM	0	1	0	0	0	0	1	0	1	0	0	0	0	0	0	0	1	0	0	0	0	1	0	1	0	0	0	0	0	0
37	MBC-MBCProject_ePi1smiM-Tumor-SM-CGLMN	MBCProject_ePi1smiM	0	1	0	0	0	0	1	0	1	0	0	0	0	0	0	0	1	0	0	0	0	1	0	1	0	0	0	0	0	0
38	MBC-MBCProject_ePi1smiM-Tumor-SM-CGME2	MBCProject_ePi1smiM	0	1	0	0	0	0	1	0	1	0	0	0	0	0	0	0	1	0	0	0	0	1	0	1	0	0	0	0	0	0
39	MBC-MBCProject_ePi1smiM-Tumor-SM-CGMFX	MBCProject_ePi1smiM	0	1	0	0	0	0	1	0	1	0	0	0	0	0	0	0	1	0	0	0	0	1	0	1	0	0	0	0	0	0
40	MBC-MBCProject_epUYsdCE-Tumor-SM-DL3A1	MBCProject_epUYsdCE	0	1	0	0	0	1	0	1	1	0	0	0	0	0	0	0	1	0	0	0	1	0	1	1	0	0	0	0	0	0
41	MBC-MBCProject_ErfKfJt0-Tumor-SM-AZ5GM	MBCProject_ErfKfJt0	0	1	0	0	0	0	0	1	0	0	0	0	0	0	0	0	1	0	0	0	0	0	1	0	0	0	0	0	0	0
42	MBC-MBCProject_gjhMuoha-Tumor-SM-AXGGJ	MBCProject_gjhMuoha	0	1	0	0	0	0	0	0	0	0	0	0	0	0	0	0	1	0	0	0	1	0	0	0	0	0	0	0	0	0
43	MBC-MBCProject_gKsRsqTR-Tumor-SM-AZ5J5	MBCProject_gKsRsqTR	0	1	0	0	0	1	0	1	0	0	0	0	0	0	0	0	1	0	0	0	1	0	1	0	0	0	0	0	0	0
44	MBC-MBCProject_gotjfgf0-Tumor-SM-CGL7K	MBCProject_gotjfgf0	0	1	0	0	0	0	0	0	0	0	0	0	0	0	0	0	1	0	0	0	0	0	0	0	0	0	0	0	0	0
45	MBC-MBCProject_gotjfgf0-Tumor-SM-AXGPS	MBCProject_gotjfgf0	0	1	0	0	0	0	0	0	0	0	0	0	0	0	0	0	1	0	0	0	0	0	0	0	0	0	0	0	0	0
46	MBC-MBCProject_GouMi0U1-Tumor-SM-DL3KP	MBCProject_GouMi0U1	0	1	0	0	1	1	1	0	0	0	0	0	0	0	0	0	1	0	0	1	1	1	0	0	1	0	0	0	1	0
47	MBC-MBCProject_GvHkH2Hk-Tumor-SM-AZ5H9	MBCProject_GvHkH2Hk	0	1	0	0	0	0	0	0	0	0	0	0	0	0	0	0	1	0	0	0	0	0	0	0	0	0	0	0	0	0
48	MBC-MBCProject_GvHkH2Hk-Tumor-SM-AZ5HV	MBCProject_GvHkH2Hk	0	1	0	0	0	0	0	0	0	0	0	0	0	0	0	0	1	0	0	0	0	0	0	0	0	0	0	0	0	0
49	MBC-MBCProject_j2F2sQC0-Tumor-SM-DL3CJ	MBCProject_j2F2sQC0	0	0	0	0	0	0	0	0	1	0	0	0	0	0	0	0	0	0	0	0	0	0	0	1	0	0	0	0	0	0
50	MBC-MBCProject_JBh5TjcM-Tumor-SM-DL3EF	MBCProject_JBh5TjcM	0	1	0	0	0	0	0	0	0	0	0	0	0	0	0	0	1	0	0	0	0	1	0	1	0	0	0	0	0	0
51	MBC-MBCProject_jEhBHrS2-Tumor-SM-CGKTZ	MBCProject_jEhBHrS2	0	0	1	0	0	0	0	0	0	0	0	0	0	0	0	0	0	1	0	0	0	0	0	0	0	0	0	0	0	0
52	MBC-MBCProject_JGCBTpH1-Tumor-SM-CGLR2	MBCProject_JGCBTpH1	0	1	0	0	0	0	0	1	0	0	0	0	0	0	0	0	1	0	0	0	0	0	1	0	0	0	0	0	0	0
53	MBC-MBCProject_K0UDUnFE-Tumor-SM-AZ5FD	MBCProject_K0UDUnFE	0	0	0	0	0	1	0	0	0	0	0	0	0	0	0	0	0	0	0	0	1	0	0	0	0	0	0	0	0	0
54	MBC-MBCProject_K7f6fdUz-Tumor-SM-AZ5MA	MBCProject_K7f6fdUz	0	1	0	0	0	1	0	1	0	0	0	0	0	0	0	0	1	0	0	0	1	0	0	0	0	0	0	0	0	0
55	MBC-MBCProject_kAFQF3t6-Tumor-SM-DL36W	MBCProject_kAFQF3t6	0	1	0	0	0	0	0	0	0	0	0	0	0	0	0	0	1	0	0	0	0	0	0	0	0	0	0	0	0	0
56	MBC-MBCProject_kduys9h5-Tumor-SM-DL47P	MBCProject_kduys9h5	0	1	0	0	0	0	0	0	0	0	0	0	0	0	0	0	1	0	0	0	0	0	0	0	0	0	0	0	0	0
57	MBC-MBCProject_kduys9h5-Tumor-SM-DL46G	MBCProject_kduys9h5	0	1	0	0	0	0	0	0	0	0	0	0	0	0	0	0	1	0	0	0	0	0	0	0	0	0	0	0	0	0
58	MBC-MBCProject_KGs1fxH2-Tumor-SM-CGMCS	MBCProject_KGs1fxH2	0	0	0	0	0	1	0	0	0	0	0	0	0	0	0	0	1	0	0	0	1	0	0	0	0	0	0	0	0	0
59	MBC-MBCProject_KGs1fxH2-Tumor-SM-CGLUT	MBCProject_KGs1fxH2	0	0	0	0	0	1	0	0	0	0	0	0	0	0	0	0	1	0	0	0	1	0	0	0	0	0	0	0	0	0
60	MBC-MBCProject_KphMt4F9-Tumor-SM-DL4PB	MBCProject_KphMt4F9	0	0	0	0	0	1	0	1	0	0	0	0	0	0	0	0	1	0	0	0	1	0	1	1	0	0	0	0	0	0
61	MBC-MBCProject_KphMt4F9-Tumor-SM-DL4RT	MBCProject_KphMt4F9	0	0	0	0	0	1	0	1	0	0	0	0	0	0	0	0	1	0	0	0	1	0	1	1	0	0	0	0	0	0
62	MBC-MBCProject_kRC3tlcA-Tumor-SM-DL3LY	MBCProject_kRC3tlcA	0	1	0	0	0	0	0	0	0	0	0	0	0	0	0	0	1	0	0	0	0	0	0	0	0	0	0	0	0	0
63	MBC-MBCProject_kwS1CXSR-Tumor-SM-DL4SG	MBCProject_kwS1CXSR	0	1	0	0	0	0	0	1	0	0	0	0	0	0	0	0	1	0	0	0	0	0	1	0	0	0	0	0	0	0
64	MBC-MBCProject_LvS2IvIy-Tumor-SM-DL3IT	MBCProject_LvS2IvIy	0	0	0	0	0	0	1	0	0	0	0	0	0	0	0	0	0	0	0	0	0	1	0	0	0	0	0	0	0	0
65	MBC-MBCProject_lXCmTEuv-Tumor-SM-DL4WU	MBCProject_lXCmTEuv	0	1	0	0	0	1	0	0	0	1	1	0	0	0	0	0	1	0	0	0	1	0	0	0	1	0	0	0	0	0
66	MBC-MBCProject_mrhKt1Ue-Tumor-SM-DL4UY	MBCProject_mrhKt1Ue	0	1	0	0	0	0	0	0	0	0	0	0	0	0	0	0	1	0	0	0	0	0	0	0	0	0	0	0	0	0
67	MBC-MBCProject_N4srsKsr-Tumor-SM-CGMGK	MBCProject_N4srsKsr	0	1	0	0	0	0	0	0	0	0	0	0	0	0	0	0	1	0	0	0	0	0	0	0	0	0	1	0	0	2
68	MBC-MBCProject_N4srsKsr-Tumor-SM-CGLTK	MBCProject_N4srsKsr	0	1	0	0	0	0	0	0	0	0	0	0	0	0	0	0	1	0	0	0	0	0	0	0	0	0	1	0	0	2
69	MBC-MBCProject_NDIbs9i6-Tumor-SM-DL4VL	MBCProject_NDIbs9i6	0	1	0	0	0	0	0	0	0	0	0	0	0	0	0	0	1	0	0	0	0	0	0	0	0	0	0	0	0	0
70	MBC-MBCProject_nZHYc4Ie-Tumor-SM-DL39E	MBCProject_nZHYc4Ie	0	1	0	0	0	0	0	0	0	0	0	0	0	0	0	0	1	0	0	0	0	0	0	0	0	0	0	0	0	0
71	MBC-MBCProject_O8u9SjuW-Tumor-SM-AZ5O6	MBCProject_O8u9SjuW	0	1	0	0	0	0	0	1	0	0	0	0	0	0	0	0	1	0	0	0	0	0	1	0	0	0	0	0	0	0
72	MBC-MBCProject_p1CQTdIg-Tumor-SM-CGL36	MBCProject_p1CQTdIg	0	0	0	0	0	1	0	0	1	0	1	0	0	0	0	0	1	0	0	1	0	0	0	0	0	1	0	0	0	0
73	MBC-MBCProject_P2CMUEiX-Tumor-SM-DL3GB	MBCProject_P2CMUEiX	0	1	0	0	0	0	0	1	0	0	0	0	0	0	0	0	1	0	0	0	0	0	0	0	0	0	0	0	0	0
74	MBC-MBCProject_PASlTyTy-Tumor-SM-DL473	MBCProject_PASlTyTy	0	0	0	0	0	0	1	0	1	0	1	0	0	0	0	0	0	0	0	0	1	1	0	1	0	1	0	0	0	0
75	MBC-MBCProject_pMcWcrtZ-Tumor-SM-AZ5KE	MBCProject_pMcWcrtZ	0	0	0	0	0	0	1	0	0	0	0	0	0	0	0	0	0	0	0	0	0	1	0	0	0	0	0	0	0	0
76	MBC-MBCProject_PXcjFYIo-Tumor-SM-DL3UR	MBCProject_PXcjFYIo	0	0	0	0	0	0	1	1	0	0	0	0	0	0	0	0	0	1	0	0	1	1	1	1	0	0	0	0	0	0
77	MBC-MBCProject_PXcjFYIo-Tumor-SM-DL3FO	MBCProject_PXcjFYIo	0	0	0	0	0	0	1	1	0	0	0	0	0	0	0	0	0	1	0	0	1	1	1	1	0	0	0	0	0	0
78	MBC-MBCProject_PzUBH7I3-Tumor-SM-CGL52	MBCProject_PzUBH7I3	0	1	0	0	0	0	0	1	0	0	0	0	0	0	0	0	1	0	0	0	0	0	0	0	0	0	0	0	0	0
79	MBC-MBCProject_PzUBH7I3-Tumor-SM-CGLNA	MBCProject_PzUBH7I3	0	1	0	0	0	0	0	1	0	0	0	0	0	0	0	0	1	0	0	0	0	0	0	0	0	0	0	0	0	0
80	MBC-MBCProject_QbiZiytx-Tumor-SM-CGMH7	MBCProject_QbiZiytx	0	1	0	0	0	0	0	0	0	0	0	0	0	0	0	0	1	0	1	0	0	0	0	0	0	0	0	0	0	0
81	MBC-MBCProject_QbiZiytx-Tumor-SM-CGM9N	MBCProject_QbiZiytx	0	1	0	0	0	0	0	0	0	0	0	0	0	0	0	0	1	0	1	0	0	0	0	0	0	0	0	0	0	0
82	MBC-MBCProject_rJHBiKTl-Tumor-SM-DL3K3	MBCProject_rJHBiKTl	0	1	0	0	0	0	0	0	0	0	0	0	0	0	0	0	1	0	0	0	1	0	0	0	0	0	0	0	0	0
83	MBC-MBCProject_RKf1frsr-Tumor-SM-CGLJI	MBCProject_RKf1frsr	0	0	0	0	0	1	0	0	0	0	0	0	0	0	0	0	0	0	0	0	1	0	0	0	0	0	0	0	0	0
84	MBC-MBCProject_RKf1frsr-Tumor-SM-AZ5JR	MBCProject_RKf1frsr	0	0	0	0	0	1	0	0	0	0	0	0	0	0	0	0	0	0	0	0	1	0	0	0	0	0	0	0	0	0
85	MBC-MBCProject_RKf1frsr-Tumor-SM-AZ5L1	MBCProject_RKf1frsr	0	0	0	0	0	1	0	0	0	0	0	0	0	0	0	0	0	0	0	0	1	0	0	0	0	0	0	0	0	0
86	MBC-MBCProject_rmSBIguN-Tumor-SM-DL385	MBCProject_rmSBIguN	0	0	0	0	0	0	1	1	0	0	0	0	0	0	0	0	0	0	0	0	0	1	1	0	0	0	0	0	0	0
87	MBC-MBCProject_rmSBIguN-Tumor-SM-DL3N8	MBCProject_rmSBIguN	0	0	0	0	0	0	1	1	0	0	0	0	0	0	0	0	0	0	0	0	0	1	1	0	0	0	0	0	0	0
88	MBC-MBCProject_VbfASefz-Tumor-SM-CGLVG	MBCProject_VbfASefz	0	1	0	0	0	0	1	1	0	0	1	0	0	0	0	0	1	0	0	0	0	1	1	0	0	0	0	0	0	0
89	MBC-MBCProject_VQfmS0fK-Tumor-SM-CGKZN	MBCProject_VQfmS0fK	0	0	0	0	0	0	0	1	0	0	0	0	0	0	0	0	1	0	0	0	0	1	0	1	0	1	0	0	0	0
90	MBC-MBCProject_VQfmS0fK-Tumor-SM-CGM3Z	MBCProject_VQfmS0fK	0	0	0	0	0	0	0	1	0	0	0	0	0	0	0	0	1	0	0	0	0	1	0	1	0	1	0	0	0	0
91	MBC-MBCProject_VrsMsqTb-Tumor-SM-CGLRO	MBCProject_VrsMsqTb	0	1	0	0	0	0	0	1	0	0	0	0	0	0	0	0	1	0	0	0	0	0	1	0	0	0	0	0	0	0
92	MBC-MBCProject_wAiri7fp-Tumor-SM-AZ5E4	MBCProject_wAiri7fp	0	1	0	0	0	0	0	0	0	0	0	0	0	0	0	0	1	0	0	0	0	0	0	0	0	0	0	0	0	0
93	MBC-MBCProject_wAiri7fp-Tumor-SM-AZ5DH	MBCProject_wAiri7fp	0	1	0	0	0	0	0	0	0	0	0	0	0	0	0	0	1	0	0	0	0	0	0	0	0	0	0	0	0	0
94	MBC-MBCProject_wKuZuQS1-Tumor-SM-CGLW3	MBCProject_wKuZuQS1	0	0	0	0	0	1	1	0	0	0	1	0	0	0	0	0	0	0	0	0	1	1	0	0	0	1	0	0	0	0
95	MBC-MBCProject_xBfJfri9-Tumor-SM-CGLAP	MBCProject_xBfJfri9	0	1	0	0	0	0	0	0	0	0	0	0	0	0	0	0	1	0	0	0	0	0	0	0	0	0	0	0	0	0
96	MBC-MBCProject_xBfJfri9-Tumor-SM-CGL4F	MBCProject_xBfJfri9	0	1	0	0	0	0	0	0	0	0	0	0	0	0	0	0	1	0	0	0	0	0	0	0	0	0	0	0	0	0
97	MBC-MBCProject_Y7fYC1iG-Tumor-SM-CGLFQ	MBCProject_Y7fYC1iG	0	1	0	0	0	0	0	0	0	0	0	0	0	0	0	0	1	0	0	0	0	0	0	0	0	0	0	0	0	0
98	MBC-MBCProject_ZdudUNFZ-Tumor-SM-CGLPS	MBCProject_ZdudUNFZ	0	1	0	0	0	0	0	0	0	0	0	0	0	0	0	0	1	0	1	0	0	0	0	0	0	0	0	0	0	0
99	MBC-MBCProject_ZPHRs3Uw-Tumor-SM-DL3BA	MBCProject_ZPHRs3Uw	0	0	0	0	0	0	1	0	0	0	1	0	0	0	0	0	0	1	0	0	0	1	0	0	0	1	0	0	0	0
100	MBC-MBCProject_zyt5TKFB-Tumor-SM-CGM59	MBCProject_zyt5TKFB	0	0	0	0	0	1	0	1	0	0	0	0	0	0	0	0	0	0	0	0	1	0	1	0	0	0	0	0	0	0
101	MBC-MBCProject_zyt5TKFB-Tumor-SM-CGMBJ	MBCProject_zyt5TKFB	0	0	0	0	0	1	0	1	0	0	0	0	0	0	0	0	0	0	0	0	1	0	1	0	0	0	0	0	0	0
